{"v":"5.5.7","meta":{"g":"LottieFiles AE 0.1.20","a":"","k":"","d":"","tc":""},"fr":29.9700012207031,"ip":0,"op":90.0000036657751,"w":1200,"h":1200,"nm":"offline","ddd":0,"assets":[],"layers":[{"ddd":0,"ind":1,"ty":4,"nm":"?","sr":1,"ks":{"o":{"a":0,"k":100,"ix":11},"r":{"a":0,"k":0,"ix":10},"p":{"a":0,"k":[1086.443,207.139,0],"ix":2},"a":{"a":0,"k":[54.683,78.103,0],"ix":1},"s":{"a":1,"k":[{"i":{"x":[0.67,0.67,0.67],"y":[1,1,1]},"o":{"x":[0.75,0.75,0.75],"y":[0,0,0]},"t":37,"s":[0,0,100]},{"i":{"x":[0.833,0.833,0.833],"y":[1,1,1]},"o":{"x":[0.75,0.75,0.75],"y":[0,0,0]},"t":46,"s":[120,120,100]},{"t":49.0000019958109,"s":[101,101,100]}],"ix":6}},"ao":0,"shapes":[{"ty":"gr","it":[{"ind":0,"ty":"sh","ix":1,"ks":{"a":0,"k":{"i":[[3.971,1.684],[3.964,-1.654],[1.652,-3.963],[-1.607,-3.983],[-3.948,-1.701],[-3.985,1.648],[-1.666,3.979],[1.63,3.993]],"o":[[-3.985,-1.611],[-3.963,1.655],[-1.658,3.963],[1.607,3.982],[3.985,1.64],[3.986,-1.65],[1.658,-3.979],[-1.622,-3.994]],"v":[[6.246,-15.07],[-6.158,-15.003],[-14.929,-6.233],[-15.002,6.169],[-6.334,15.041],[6.114,15.029],[14.929,6.242],[14.979,-6.206]],"c":true},"ix":2},"nm":"Path 1","mn":"ADBE Vector Shape - Group","hd":false},{"ty":"fl","c":{"a":0,"k":[0.620000023935,0.011999999776,0.365000017952,1],"ix":4},"o":{"a":0,"k":100,"ix":5},"r":1,"bm":0,"nm":"Fill 1","mn":"ADBE Vector Graphic - Fill","hd":false},{"ty":"tr","p":{"a":0,"k":[16.859,139.276],"ix":2},"a":{"a":0,"k":[0,0],"ix":1},"s":{"a":0,"k":[100,100],"ix":3},"r":{"a":0,"k":0,"ix":6},"o":{"a":0,"k":100,"ix":7},"sk":{"a":0,"k":0,"ix":4},"sa":{"a":0,"k":0,"ix":5},"nm":"Transform"}],"nm":"Group 1","np":2,"cix":2,"bm":0,"ix":1,"mn":"ADBE Vector Group","hd":false},{"ty":"gr","it":[{"ind":0,"ty":"sh","ix":1,"ks":{"a":0,"k":{"i":[[25.02,10.455],[4.411,-10.558],[-5.284,-2.206],[-19.942,-8.331],[3.758,-8.993],[8.734,-2.779],[7.032,-16.814],[-8.021,-3.349],[-1.548,3.715],[-14.261,3.915],[-7.676,18.378]],"o":[[-26.394,-11.027],[-3.185,7.625],[10.554,4.41],[9.776,4.084],[-4.411,10.559],[-7.714,2.52],[-4.242,10.167],[9.579,4.002],[4.249,-10.168],[6.994,-1.901],[7.685,-18.378]],"v":[[9.208,-46.165],[-40.253,-36.056],[-33.178,-20.01],[-0.693,-24.121],[11.344,-3.474],[-15.284,11.351],[-40.804,35.598],[-35.52,53.19],[-20.642,49.993],[0.518,30.127],[37.361,3.494]],"c":true},"ix":2},"nm":"Path 1","mn":"ADBE Vector Shape - Group","hd":false},{"ty":"fl","c":{"a":0,"k":[0.620000023935,0.011999999776,0.365000017952,1],"ix":4},"o":{"a":0,"k":100,"ix":5},"r":1,"bm":0,"nm":"Fill 1","mn":"ADBE Vector Graphic - Fill","hd":false},{"ty":"tr","p":{"a":0,"k":[64.07,57.442],"ix":2},"a":{"a":0,"k":[0,0],"ix":1},"s":{"a":0,"k":[100,100],"ix":3},"r":{"a":0,"k":0,"ix":6},"o":{"a":0,"k":100,"ix":7},"sk":{"a":0,"k":0,"ix":4},"sa":{"a":0,"k":0,"ix":5},"nm":"Transform"}],"nm":"Group 2","np":2,"cix":2,"bm":0,"ix":2,"mn":"ADBE Vector Group","hd":false}],"ip":0,"op":119.000004846969,"st":0,"bm":0},{"ddd":0,"ind":2,"ty":4,"nm":"wifi","sr":1,"ks":{"o":{"a":0,"k":100,"ix":11},"r":{"a":0,"k":0,"ix":10},"p":{"a":0,"k":[215.566,707.433,0],"ix":2},"a":{"a":0,"k":[117.864,104.551,0],"ix":1},"s":{"a":1,"k":[{"i":{"x":[0.67,0.67,0.67],"y":[1,1,1]},"o":{"x":[0.75,0.75,0.75],"y":[0,0,0]},"t":3,"s":[0,0,100]},{"i":{"x":[0.833,0.833,0.833],"y":[1,1,1]},"o":{"x":[0.75,0.75,0.75],"y":[0,0,0]},"t":10,"s":[120,120,100]},{"t":13.0000005295009,"s":[101,101,100]}],"ix":6}},"ao":0,"shapes":[{"ty":"gr","it":[{"ind":0,"ty":"sh","ix":1,"ks":{"a":0,"k":{"i":[[2.445,-7.145],[0,0],[-7.145,-2.445],[0,0],[-2.446,7.144],[0,0],[7.145,2.445],[0,0]],"o":[[0,0],[-2.446,7.145],[0,0],[7.144,2.445],[0,0],[2.445,-7.146],[0,0],[-7.145,-2.446]],"v":[[-111.039,-38.003],[-111.039,-38.002],[-102.53,-20.636],[93.675,46.512],[111.04,38.003],[111.04,38.002],[102.53,20.637],[-93.674,-46.511]],"c":true},"ix":2},"nm":"Path 1","mn":"ADBE Vector Shape - Group","hd":false},{"ty":"fl","c":{"a":0,"k":[0.851000019148,0.455000005984,0.654999976065,1],"ix":4},"o":{"a":0,"k":100,"ix":5},"r":1,"bm":0,"nm":"Fill 1","mn":"ADBE Vector Graphic - Fill","hd":false},{"ty":"tr","p":{"a":0,"k":[114.853,103.664],"ix":2},"a":{"a":0,"k":[0,0],"ix":1},"s":{"a":0,"k":[100,100],"ix":3},"r":{"a":0,"k":0,"ix":6},"o":{"a":0,"k":100,"ix":7},"sk":{"a":0,"k":0,"ix":4},"sa":{"a":0,"k":0,"ix":5},"nm":"Transform"}],"nm":"Group 1","np":2,"cix":2,"bm":0,"ix":1,"mn":"ADBE Vector Group","hd":false},{"ty":"gr","it":[{"ind":0,"ty":"sh","ix":1,"ks":{"a":0,"k":{"i":[[1.111,-3.871],[3.526,-1.946],[3.87,1.111],[19.555,-2.21],[17.196,-9.57],[1.622,-1.078],[0,0],[-28.365,5.719],[-27.811,-7.982],[-1.945,-3.526]],"o":[[-1.124,3.867],[-3.525,1.945],[-18.899,-5.491],[-19.556,2.211],[-1.735,0.973],[0,0],[22.544,-18.136],[28.363,-5.72],[3.867,1.124],[1.946,3.526]],"v":[[86.124,0.86],[78.864,9.935],[67.316,11.238],[9.062,6.268],[-46.614,24.114],[-51.658,27.114],[-87.235,14.914],[-9.753,-21.394],[75.744,-17.95],[84.82,-10.689]],"c":true},"ix":2},"nm":"Path 1","mn":"ADBE Vector Shape - Group","hd":false},{"ty":"fl","c":{"a":0,"k":[0.851000019148,0.455000005984,0.654999976065,1],"ix":4},"o":{"a":0,"k":100,"ix":5},"r":1,"bm":0,"nm":"Fill 1","mn":"ADBE Vector Graphic - Fill","hd":false},{"ty":"tr","p":{"a":0,"k":[148.244,27.364],"ix":2},"a":{"a":0,"k":[0,0],"ix":1},"s":{"a":0,"k":[100,100],"ix":3},"r":{"a":0,"k":0,"ix":6},"o":{"a":0,"k":100,"ix":7},"sk":{"a":0,"k":0,"ix":4},"sa":{"a":0,"k":0,"ix":5},"nm":"Transform"}],"nm":"Group 2","np":2,"cix":2,"bm":0,"ix":2,"mn":"ADBE Vector Group","hd":false},{"ty":"gr","it":[{"ind":0,"ty":"sh","ix":1,"ks":{"a":0,"k":{"i":[[-17.55,19.97],[0,0],[7.241,-25.416],[1.247,-1.562],[1.752,-0.961],[1.977,-0.227],[1.91,0.557],[1.562,1.241],[0.968,1.744],[0.225,1.983],[-0.551,1.917]],"o":[[0,0],[-19.109,18.257],[-0.552,1.921],[-1.248,1.56],[-1.734,0.978],[-1.977,0.228],[-1.919,-0.547],[-1.563,-1.24],[-0.968,-1.744],[-0.226,-1.981],[7.281,-25.568]],"v":[[3.353,-44.336],[35.081,-33.51],[-5.16,33.186],[-7.886,38.461],[-12.43,42.281],[-18.053,44.108],[-23.943,43.608],[-29.215,40.901],[-33.048,36.38],[-34.855,30.736],[-34.362,24.829]],"c":true},"ix":2},"nm":"Path 1","mn":"ADBE Vector Shape - Group","hd":false},{"ty":"fl","c":{"a":0,"k":[0.851000019148,0.455000005984,0.654999976065,1],"ix":4},"o":{"a":0,"k":100,"ix":5},"r":1,"bm":0,"nm":"Fill 1","mn":"ADBE Vector Graphic - Fill","hd":false},{"ty":"tr","p":{"a":0,"k":[35.331,107.914],"ix":2},"a":{"a":0,"k":[0,0],"ix":1},"s":{"a":0,"k":[100,100],"ix":3},"r":{"a":0,"k":0,"ix":6},"o":{"a":0,"k":100,"ix":7},"sk":{"a":0,"k":0,"ix":4},"sa":{"a":0,"k":0,"ix":5},"nm":"Transform"}],"nm":"Group 3","np":2,"cix":2,"bm":0,"ix":3,"mn":"ADBE Vector Group","hd":false},{"ty":"gr","it":[{"ind":0,"ty":"sh","ix":1,"ks":{"a":0,"k":{"i":[[1.111,-3.87],[3.519,-1.952],[3.872,1.094],[7.299,0.459],[0,0],[-29.028,-8.463],[-1.946,-3.524]],"o":[[-1.122,3.865],[-3.519,1.952],[-7.024,-2.041],[0,0],[27.693,-12.14],[3.867,1.123],[1.946,3.526]],"v":[[48.536,7.877],[41.29,16.959],[29.751,18.3],[8.201,14.538],[-49.646,-5.239],[38.154,-10.93],[47.232,-3.671]],"c":true},"ix":2},"nm":"Path 1","mn":"ADBE Vector Shape - Group","hd":false},{"ty":"fl","c":{"a":0,"k":[0.851000019148,0.455000005984,0.654999976065,1],"ix":4},"o":{"a":0,"k":100,"ix":5},"r":1,"bm":0,"nm":"Fill 1","mn":"ADBE Vector Graphic - Fill","hd":false},{"ty":"tr","p":{"a":0,"k":[171.951,68.493],"ix":2},"a":{"a":0,"k":[0,0],"ix":1},"s":{"a":0,"k":[100,100],"ix":3},"r":{"a":0,"k":0,"ix":6},"o":{"a":0,"k":100,"ix":7},"sk":{"a":0,"k":0,"ix":4},"sa":{"a":0,"k":0,"ix":5},"nm":"Transform"}],"nm":"Group 4","np":2,"cix":2,"bm":0,"ix":4,"mn":"ADBE Vector Group","hd":false},{"ty":"gr","it":[{"ind":0,"ty":"sh","ix":1,"ks":{"a":0,"k":{"i":[[-20.599,16.682],[0,0],[0.731,-0.428],[8.165,-10.236],[3.589,-12.593],[1.239,-1.571],[1.747,-0.974],[1.987,-0.228],[1.922,0.553],[1.563,1.248],[0.962,1.754],[0.216,1.99],[-0.565,1.92]],"o":[[0,0],[-0.774,0.341],[-11.48,6.299],[-8.165,10.236],[-0.541,1.926],[-1.24,1.57],[-1.747,0.973],[-1.987,0.228],[-1.922,-0.553],[-1.562,-1.249],[-0.964,-1.753],[-0.215,-1.988],[7.24,-25.497]],"v":[[3.657,-42.201],[39.867,-29.786],[37.607,-28.632],[7.847,-3.583],[-9.96,31.001],[-12.656,36.298],[-17.18,40.153],[-22.837,41.973],[-28.76,41.481],[-34.04,38.752],[-37.865,34.203],[-39.651,28.534],[-39.122,22.614]],"c":true},"ix":2},"nm":"Path 1","mn":"ADBE Vector Shape - Group","hd":false},{"ty":"fl","c":{"a":0,"k":[0.851000019148,0.455000005984,0.654999976065,1],"ix":4},"o":{"a":0,"k":100,"ix":5},"r":1,"bm":0,"nm":"Fill 1","mn":"ADBE Vector Graphic - Fill","hd":false},{"ty":"tr","p":{"a":0,"k":[88.276,123.971],"ix":2},"a":{"a":0,"k":[0,0],"ix":1},"s":{"a":0,"k":[100,100],"ix":3},"r":{"a":0,"k":0,"ix":6},"o":{"a":0,"k":100,"ix":7},"sk":{"a":0,"k":0,"ix":4},"sa":{"a":0,"k":0,"ix":5},"nm":"Transform"}],"nm":"Group 5","np":2,"cix":2,"bm":0,"ix":5,"mn":"ADBE Vector Group","hd":false},{"ty":"gr","it":[{"ind":0,"ty":"sh","ix":1,"ks":{"a":0,"k":{"i":[[0,0],[0.309,-1.03],[1.248,-1.56],[1.752,-0.962],[1.981,-0.22],[1.912,0.564],[6.485,-0.732],[5.71,-3.161],[4.064,-5.105],[1.797,-6.273],[1.245,-1.56],[1.746,-0.964],[3.87,1.118],[1.946,3.528],[-1.117,3.87],[-6.557,8.219],[-9.221,5.052],[-7.722,1.688]],"o":[[-0.064,1.073],[-0.552,1.921],[-1.248,1.562],[-1.741,0.97],[-1.981,0.221],[-6.27,-1.808],[-6.485,0.732],[-5.71,3.16],[-4.063,5.108],[-0.553,1.917],[-1.245,1.559],[-3.527,1.947],[-3.871,-1.117],[-1.947,-3.527],[2.878,-10.114],[6.558,-8.219],[6.912,-3.835],[0,0]],"v":[[55.575,-20.998],[55.012,-17.832],[52.286,-12.559],[47.742,-8.737],[42.103,-6.934],[36.204,-7.454],[16.883,-9.084],[-1.589,-3.189],[-16.393,9.332],[-25.27,26.57],[-27.993,31.835],[-32.524,35.655],[-44.077,36.949],[-53.162,29.695],[-54.457,18.142],[-40.163,-9.631],[-16.26,-29.737],[5.807,-38.067]],"c":true},"ix":2},"nm":"Path 1","mn":"ADBE Vector Shape - Group","hd":false},{"ty":"fl","c":{"a":0,"k":[0.851000019148,0.455000005984,0.654999976065,1],"ix":4},"o":{"a":0,"k":100,"ix":5},"r":1,"bm":0,"nm":"Fill 1","mn":"ADBE Vector Graphic - Fill","hd":false},{"ty":"tr","p":{"a":0,"k":[151.666,142.258],"ix":2},"a":{"a":0,"k":[0,0],"ix":1},"s":{"a":0,"k":[100,100],"ix":3},"r":{"a":0,"k":0,"ix":6},"o":{"a":0,"k":100,"ix":7},"sk":{"a":0,"k":0,"ix":4},"sa":{"a":0,"k":0,"ix":5},"nm":"Transform"}],"nm":"Group 6","np":2,"cix":2,"bm":0,"ix":6,"mn":"ADBE Vector Group","hd":false},{"ty":"gr","it":[{"ind":0,"ty":"sh","ix":1,"ks":{"a":0,"k":{"i":[[1.904,-6.612],[-1.559,-4.89],[-4.013,-3.199],[-5.113,-0.431],[-4.491,2.483],[-2.355,4.56],[0.575,5.098],[3.312,3.92],[4.932,1.42],[6.023,-3.33]],"o":[[-1.42,4.933],[1.56,4.89],[4.012,3.2],[5.115,0.431],[4.492,-2.484],[2.355,-4.561],[-0.576,-5.101],[-3.311,-3.921],[-6.614,-1.903],[-6.022,3.329]],"v":[[-24.938,-6.904],[-24.725,8.16],[-16.178,20.566],[-2.18,26.133],[12.553,22.985],[23.055,12.182],[25.784,-2.633],[19.822,-16.469],[7.178,-24.661],[-12.557,-22.432]],"c":true},"ix":2},"nm":"Path 1","mn":"ADBE Vector Shape - Group","hd":false},{"ty":"fl","c":{"a":0,"k":[0.851000019148,0.455000005984,0.654999976065,1],"ix":4},"o":{"a":0,"k":100,"ix":5},"r":1,"bm":0,"nm":"Fill 1","mn":"ADBE Vector Graphic - Fill","hd":false},{"ty":"tr","p":{"a":0,"k":[174.123,182.289],"ix":2},"a":{"a":0,"k":[0,0],"ix":1},"s":{"a":0,"k":[100,100],"ix":3},"r":{"a":0,"k":0,"ix":6},"o":{"a":0,"k":100,"ix":7},"sk":{"a":0,"k":0,"ix":4},"sa":{"a":0,"k":0,"ix":5},"nm":"Transform"}],"nm":"Group 7","np":2,"cix":2,"bm":0,"ix":7,"mn":"ADBE Vector Group","hd":false}],"ip":0,"op":119.000004846969,"st":0,"bm":0},{"ddd":0,"ind":3,"ty":4,"nm":"mouth","parent":6,"sr":1,"ks":{"o":{"a":0,"k":100,"ix":11},"r":{"a":0,"k":0,"ix":10},"p":{"a":1,"k":[{"i":{"x":0.47,"y":1},"o":{"x":0.53,"y":0},"t":8,"s":[296.597,490.586,0],"to":[-3.736,-0.583,0],"ti":[3.736,0.583,0]},{"i":{"x":0.47,"y":0.47},"o":{"x":0.53,"y":0.53},"t":13,"s":[274.18,487.086,0],"to":[0,0,0],"ti":[0,0,0]},{"i":{"x":0.47,"y":1},"o":{"x":0.53,"y":0},"t":33,"s":[274.18,487.086,0],"to":[2.486,0.417,0],"ti":[-2.486,-0.417,0]},{"t":42.0000017106951,"s":[289.097,489.586,0]}],"ix":2},"a":{"a":0,"k":[49.801,18.177,0],"ix":1},"s":{"a":0,"k":[100,100,100],"ix":6}},"ao":0,"shapes":[{"ty":"gr","it":[{"ind":0,"ty":"sh","ix":1,"ks":{"a":0,"k":{"i":[[0,0],[0.507,0.218],[0.38,0.401],[0,0],[13.171,2.098],[11.744,-6.32],[0,0],[0.533,-0.055],[0.514,0.154],[0.415,0.338],[0.254,0.471],[0.054,0.532],[-0.152,0.513],[-0.338,0.415],[-0.471,0.255],[0,0],[-14.938,-2.38],[-10.433,-10.953],[0,0],[-0.14,-0.784],[0.315,-0.731],[0.665,-0.438],[0.797,0]],"o":[[-0.553,0.001],[-0.508,-0.218],[0,0],[-9.2,-9.657],[-13.171,-2.098],[0,0],[-0.471,0.254],[-0.531,0.055],[-0.512,-0.152],[-0.415,-0.338],[-0.255,-0.47],[-0.055,-0.532],[0.153,-0.513],[0.337,-0.415],[0,0],[13.319,-7.169],[14.938,2.381],[0,0],[0.549,0.578],[0.14,0.784],[-0.314,0.733],[-0.666,0.439],[0,0]],"v":[[45.403,17.926],[43.794,17.597],[42.448,16.658],[36.714,10.621],[2.229,-7.502],[-36.182,-0.994],[-43.508,2.962],[-45.028,3.43],[-46.61,3.28],[-48.016,2.537],[-49.029,1.312],[-49.497,-0.207],[-49.349,-1.79],[-48.604,-3.195],[-47.38,-4.209],[-40.054,-8.164],[3.51,-15.547],[42.622,5.009],[48.355,11.045],[49.411,13.133],[49.144,15.457],[47.643,17.252],[45.403,17.925]],"c":true},"ix":2},"nm":"Path 1","mn":"ADBE Vector Shape - Group","hd":false},{"ty":"fl","c":{"a":0,"k":[1,1,1,1],"ix":4},"o":{"a":0,"k":100,"ix":5},"r":1,"bm":0,"nm":"Fill 1","mn":"ADBE Vector Graphic - Fill","hd":false},{"ty":"tr","p":{"a":0,"k":[49.801,18.177],"ix":2},"a":{"a":0,"k":[0,0],"ix":1},"s":{"a":0,"k":[100,100],"ix":3},"r":{"a":0,"k":0,"ix":6},"o":{"a":0,"k":100,"ix":7},"sk":{"a":0,"k":0,"ix":4},"sa":{"a":0,"k":0,"ix":5},"nm":"Transform"}],"nm":"Group 1","np":2,"cix":2,"bm":0,"ix":1,"mn":"ADBE Vector Group","hd":false}],"ip":0,"op":119.000004846969,"st":0,"bm":0},{"ddd":0,"ind":4,"ty":4,"nm":"right eye","parent":6,"sr":1,"ks":{"o":{"a":0,"k":100,"ix":11},"r":{"a":0,"k":0,"ix":10},"p":{"a":1,"k":[{"i":{"x":0.47,"y":1},"o":{"x":0.53,"y":0},"t":8,"s":[392.948,378.628,0],"to":[-3.569,0.417,0],"ti":[3.569,-0.417,0]},{"i":{"x":0.47,"y":0.47},"o":{"x":0.53,"y":0.53},"t":13,"s":[371.532,381.128,0],"to":[0,0,0],"ti":[0,0,0]},{"i":{"x":0.47,"y":1},"o":{"x":0.53,"y":0},"t":33,"s":[371.532,381.128,0],"to":[3.569,-0.417,0],"ti":[-3.569,0.417,0]},{"t":42.0000017106951,"s":[392.948,378.628,0]}],"ix":2},"a":{"a":0,"k":[16.421,28.297,0],"ix":1},"s":{"a":1,"k":[{"i":{"x":[0.5,0.5,0.5],"y":[1,1,1]},"o":{"x":[0.5,0.5,0.5],"y":[0,0,0]},"t":31,"s":[100,100,100]},{"i":{"x":[0.5,0.5,0.5],"y":[1,1,1]},"o":{"x":[0.5,0.5,0.5],"y":[0,0,0]},"t":36,"s":[100,0,100]},{"t":41.0000016699642,"s":[100,100,100]}],"ix":6}},"ao":0,"shapes":[{"ty":"gr","it":[{"ind":0,"ty":"sh","ix":1,"ks":{"a":0,"k":{"i":[[-2.405,14.808],[7.602,1.235],[2.405,-14.808],[-7.603,-1.236]],"o":[[2.405,-14.807],[-7.603,-1.236],[-2.406,14.807],[7.602,1.235]],"v":[[13.766,2.236],[4.356,-26.811],[-13.765,-2.236],[-4.355,26.812]],"c":true},"ix":2},"nm":"Path 1","mn":"ADBE Vector Shape - Group","hd":false},{"ty":"fl","c":{"a":0,"k":[1,1,1,1],"ix":4},"o":{"a":0,"k":100,"ix":5},"r":1,"bm":0,"nm":"Fill 1","mn":"ADBE Vector Graphic - Fill","hd":false},{"ty":"tr","p":{"a":0,"k":[16.421,28.297],"ix":2},"a":{"a":0,"k":[0,0],"ix":1},"s":{"a":0,"k":[100,100],"ix":3},"r":{"a":0,"k":0,"ix":6},"o":{"a":0,"k":100,"ix":7},"sk":{"a":0,"k":0,"ix":4},"sa":{"a":0,"k":0,"ix":5},"nm":"Transform"}],"nm":"Group 1","np":2,"cix":2,"bm":0,"ix":1,"mn":"ADBE Vector Group","hd":false}],"ip":0,"op":119.000004846969,"st":0,"bm":0},{"ddd":0,"ind":5,"ty":4,"nm":"left eye","parent":6,"sr":1,"ks":{"o":{"a":0,"k":100,"ix":11},"r":{"a":0,"k":0,"ix":10},"p":{"a":1,"k":[{"i":{"x":0.47,"y":1},"o":{"x":0.53,"y":0},"t":8,"s":[234.416,352.605,0],"to":[-3.569,0.417,0],"ti":[3.569,-0.417,0]},{"i":{"x":0.47,"y":0.47},"o":{"x":0.53,"y":0.53},"t":13,"s":[212.999,355.105,0],"to":[0,0,0],"ti":[0,0,0]},{"i":{"x":0.47,"y":1},"o":{"x":0.53,"y":0},"t":33,"s":[212.999,355.105,0],"to":[3.569,-0.417,0],"ti":[-3.569,0.417,0]},{"t":42.0000017106951,"s":[234.416,352.605,0]}],"ix":2},"a":{"a":0,"k":[16.397,28.033,0],"ix":1},"s":{"a":1,"k":[{"i":{"x":[0.5,0.5,0.5],"y":[1,1,1]},"o":{"x":[0.5,0.5,0.5],"y":[0,0,0]},"t":31,"s":[100,100,100]},{"i":{"x":[0.5,0.5,0.5],"y":[1,1,1]},"o":{"x":[0.5,0.5,0.5],"y":[0,0,0]},"t":36,"s":[100,0,100]},{"t":41.0000016699642,"s":[100,100,100]}],"ix":6}},"ao":0,"shapes":[{"ty":"gr","it":[{"ind":0,"ty":"sh","ix":1,"ks":{"a":0,"k":{"i":[[-2.382,14.661],[7.603,1.235],[2.382,-14.662],[-7.602,-1.235]],"o":[[2.381,-14.662],[-7.602,-1.235],[-2.382,14.662],[7.603,1.235]],"v":[[13.767,2.236],[4.312,-26.548],[-13.766,-2.236],[-4.313,26.548]],"c":true},"ix":2},"nm":"Path 1","mn":"ADBE Vector Shape - Group","hd":false},{"ty":"fl","c":{"a":0,"k":[1,1,1,1],"ix":4},"o":{"a":0,"k":100,"ix":5},"r":1,"bm":0,"nm":"Fill 1","mn":"ADBE Vector Graphic - Fill","hd":false},{"ty":"tr","p":{"a":0,"k":[16.398,28.033],"ix":2},"a":{"a":0,"k":[0,0],"ix":1},"s":{"a":0,"k":[100,100],"ix":3},"r":{"a":0,"k":0,"ix":6},"o":{"a":0,"k":100,"ix":7},"sk":{"a":0,"k":0,"ix":4},"sa":{"a":0,"k":0,"ix":5},"nm":"Transform"}],"nm":"Group 1","np":2,"cix":2,"bm":0,"ix":1,"mn":"ADBE Vector Group","hd":false}],"ip":0,"op":119.000004846969,"st":0,"bm":0},{"ddd":0,"ind":6,"ty":4,"nm":"phone","sr":1,"ks":{"o":{"a":0,"k":100,"ix":11},"r":{"a":1,"k":[{"i":{"x":[0.47],"y":[1]},"o":{"x":[0.53],"y":[0]},"t":6,"s":[-9.256]},{"t":13.0000005295009,"s":[0]}],"ix":10},"p":{"a":0,"k":[601.807,866.101,0],"ix":2},"a":{"a":0,"k":[241.366,730.096,0],"ix":1},"s":{"a":1,"k":[{"i":{"x":[0.47,0.47,0.47],"y":[1,1,1]},"o":{"x":[0.53,0.53,0.53],"y":[0,0,0]},"t":6,"s":[100,100,100]},{"i":{"x":[0.47,0.47,0.47],"y":[1,1,1]},"o":{"x":[0.53,0.53,0.53],"y":[0,0,0]},"t":13,"s":[89.765,100,100]},{"i":{"x":[0.47,0.47,0.47],"y":[1,1,1]},"o":{"x":[0.53,0.53,0.53],"y":[0,0,0]},"t":33,"s":[89.765,100,100]},{"t":42.0000017106951,"s":[100,100,100]}],"ix":6}},"ao":0,"shapes":[{"ty":"gr","it":[{"ind":0,"ty":"sh","ix":1,"ks":{"a":0,"k":{"i":[[17.152,2.812],[0,0],[2.811,-17.155],[0,0],[-17.156,-2.81],[0,0],[-2.81,17.152],[0,0]],"o":[[0,0],[-17.157,-2.811],[0,0],[-2.811,17.152],[0,0],[17.156,2.819],[0,0],[2.81,-17.156]],"v":[[232.217,-367.292],[-102.848,-422.196],[-139.003,-396.223],[-258.19,331.135],[-232.217,367.289],[102.847,422.188],[138.997,396.222],[258.192,-331.137]],"c":true},"ix":2},"nm":"Path 1","mn":"ADBE Vector Shape - Group","hd":false},{"ty":"fl","c":{"a":0,"k":[0.851000019148,0.455000005984,0.654999976065,1],"ix":4},"o":{"a":0,"k":100,"ix":5},"r":1,"bm":0,"nm":"Fill 1","mn":"ADBE Vector Graphic - Fill","hd":false},{"ty":"tr","p":{"a":0,"k":[297.362,466.098],"ix":2},"a":{"a":0,"k":[0,0],"ix":1},"s":{"a":0,"k":[100,100],"ix":3},"r":{"a":0,"k":0,"ix":6},"o":{"a":0,"k":100,"ix":7},"sk":{"a":0,"k":0,"ix":4},"sa":{"a":0,"k":0,"ix":5},"nm":"Transform"}],"nm":"Group 1","np":2,"cix":2,"bm":0,"ix":1,"mn":"ADBE Vector Group","hd":false},{"ty":"gr","it":[{"ind":0,"ty":"sh","ix":1,"ks":{"a":0,"k":{"i":[[26.643,4.367],[0,0],[4.367,-26.648],[0,0],[-26.648,-4.366],[0,0],[-4.367,26.65],[0,0]],"o":[[0,0],[-26.648,-4.367],[0,0],[-4.367,26.65],[0,0],[26.645,4.367],[0,0],[4.367,-26.648]],"v":[[252.411,-401.943],[-110.921,-461.479],[-167.078,-421.135],[-292.749,345.787],[-252.405,401.941],[110.925,461.479],[167.083,421.134],[292.749,-345.786]],"c":true},"ix":2},"nm":"Path 1","mn":"ADBE Vector Shape - Group","hd":false},{"ty":"fl","c":{"a":0,"k":[0.620000023935,0.011999999776,0.365000017952,1],"ix":4},"o":{"a":0,"k":100,"ix":5},"r":1,"bm":0,"nm":"Fill 1","mn":"ADBE Vector Graphic - Fill","hd":false},{"ty":"tr","p":{"a":0,"k":[297.366,466.096],"ix":2},"a":{"a":0,"k":[0,0],"ix":1},"s":{"a":0,"k":[100,100],"ix":3},"r":{"a":0,"k":0,"ix":6},"o":{"a":0,"k":100,"ix":7},"sk":{"a":0,"k":0,"ix":4},"sa":{"a":0,"k":0,"ix":5},"nm":"Transform"}],"nm":"Group 2","np":2,"cix":2,"bm":0,"ix":2,"mn":"ADBE Vector Group","hd":false}],"ip":0,"op":119.000004846969,"st":0,"bm":0},{"ddd":0,"ind":7,"ty":4,"nm":"bg","sr":1,"ks":{"o":{"a":0,"k":30,"ix":11},"r":{"a":0,"k":0,"ix":10},"p":{"a":0,"k":[599.425,597.205,0],"ix":2},"a":{"a":0,"k":[-0.5,8,0],"ix":1},"s":{"a":0,"k":[115.063,115.063,100],"ix":6}},"ao":0,"shapes":[{"ty":"gr","it":[{"d":1,"ty":"el","s":{"a":0,"k":[940,940],"ix":2},"p":{"a":0,"k":[0,0],"ix":3},"nm":"Ellipse Path 1","mn":"ADBE Vector Shape - Ellipse","hd":false},{"ty":"fl","c":{"a":0,"k":[0.909803921569,0.827450980392,0.909803921569,1],"ix":4},"o":{"a":0,"k":100,"ix":5},"r":1,"bm":0,"nm":"Fill 1","mn":"ADBE Vector Graphic - Fill","hd":false},{"ty":"tr","p":{"a":0,"k":[-0.5,8],"ix":2},"a":{"a":0,"k":[0,0],"ix":1},"s":{"a":0,"k":[100,100],"ix":3},"r":{"a":0,"k":0,"ix":6},"o":{"a":0,"k":100,"ix":7},"sk":{"a":0,"k":0,"ix":4},"sa":{"a":0,"k":0,"ix":5},"nm":"Transform"}],"nm":"Ellipse 1","np":3,"cix":2,"bm":0,"ix":1,"mn":"ADBE Vector Group","hd":false}],"ip":0,"op":179.000007290819,"st":0,"bm":0}],"markers":[]}