{"v":"5.6.6","ip":0,"op":160,"fr":60,"w":1000,"h":792,"layers":[{"ind":5522,"nm":"surface19276","ao":0,"ip":0,"op":264,"st":0,"ty":4,"ks":{"ty":"tr","o":{"k":100},"r":{"k":0},"p":{"k":[0,0]},"a":{"k":[0,0]},"s":{"k":[133.33,133.33]},"sk":{"k":0},"sa":{"k":0}},"shapes":[{"ty":"gr","hd":false,"nm":"surface19276","it":[{"ty":"gr","hd":false,"it":[{"ty":"sh","ks":{"k":{"i":[[0,0],[0,0]],"o":[[0,0],[0,0]],"v":[[489.76,377.98],[489.76,376.35]],"c":false}}},{"ty":"st","lc":1,"lj":1,"ml":10,"o":{"k":100},"w":{"k":4},"c":{"k":[0,0,0,1]},"hd":false},{"ty":"tr","o":{"k":100},"r":{"k":0},"p":{"k":[0,0]},"a":{"k":[0,0]},"s":{"k":[75,75]},"sk":{"k":0},"sa":{"k":0},"hd":false}]},{"ty":"gr","hd":false,"it":[{"ty":"sh","ks":{"k":{"i":[[0,0],[0,0],[20.64,0],[0,0],[0,0],[0,0],[0,16.92],[0,0],[-20.64,0],[0,0],[0,-18.81]],"o":[[0,0],[0,18.81],[0,0],[0,0],[0,0],[-17.74,-2.66],[0,0],[0,-18.81],[0,0],[20.65,0],[0,0]],"v":[[489.76,402.52],[489.76,424.35],[452.39,458.41],[400.52,458.41],[379.88,481.05],[383.06,457.95],[351.79,424.35],[351.79,402.52],[389.15,368.47],[452.39,368.47],[489.76,402.52]],"c":true}}},{"ty":"st","lc":1,"lj":1,"ml":10,"o":{"k":100},"w":{"k":4},"c":{"k":[0,0,0,1]},"hd":false},{"ty":"tr","o":{"k":100},"r":{"k":0},"p":{"k":[0,0]},"a":{"k":[0,0]},"s":{"k":[75,75]},"sk":{"k":0},"sa":{"k":0},"hd":false}]},{"ty":"gr","hd":false,"it":[{"ty":"sh","ks":{"k":{"i":[[0,0],[0,8.08],[0,-8.08]],"o":[[0,8.08],[0,-8.08],[0,0]],"v":[[427,413.59],[414.54,413.59],[427,413.59]],"c":false}}},{"ty":"st","lc":1,"lj":1,"ml":10,"o":{"k":100},"w":{"k":4},"c":{"k":[0,0,0,1]},"hd":false},{"ty":"tr","o":{"k":100},"r":{"k":0},"p":{"k":[0,0]},"a":{"k":[0,0]},"s":{"k":[75,75]},"sk":{"k":0},"sa":{"k":0},"hd":false}]},{"ty":"gr","hd":false,"it":[{"ty":"sh","ks":{"k":{"i":[[0,0],[0,7.57],[0,-7.57]],"o":[[0,7.57],[0,-7.57],[0,0]],"v":[[458.46,413.59],[446.8,413.59],[458.46,413.59]],"c":false}}},{"ty":"st","lc":1,"lj":1,"ml":10,"o":{"k":100},"w":{"k":4},"c":{"k":[0,0,0,1]},"hd":false},{"ty":"tr","o":{"k":100},"r":{"k":0},"p":{"k":[0,0]},"a":{"k":[0,0]},"s":{"k":[75,75]},"sk":{"k":0},"sa":{"k":0},"hd":false}]},{"ty":"gr","hd":false,"it":[{"ty":"sh","ks":{"k":{"i":[[0,0],[0,8.7],[0,-8.7]],"o":[[0,8.7],[0,-8.7],[0,0]],"v":[[397.78,413.59],[384.36,413.59],[397.78,413.59]],"c":false}}},{"ty":"st","lc":1,"lj":1,"ml":10,"o":{"k":100},"w":{"k":4},"c":{"k":[0,0,0,1]},"hd":false},{"ty":"tr","o":{"k":100},"r":{"k":0},"p":{"k":[0,0]},"a":{"k":[0,0]},"s":{"k":[75,75]},"sk":{"k":0},"sa":{"k":0},"hd":false}]},{"ty":"gr","hd":false,"it":[{"ty":"sh","ks":{"k":{"i":[[0,0],[0,0]],"o":[[0,0],[0,0]],"v":[[588.43,376.35],[489.76,376.35]],"c":false}}},{"ty":"st","lc":1,"lj":1,"ml":10,"o":{"k":100},"w":{"k":4},"c":{"k":[0,0,0,1]},"hd":false},{"ty":"tr","o":{"k":100},"r":{"k":0},"p":{"k":[0,0]},"a":{"k":[0,0]},"s":{"k":[75,75]},"sk":{"k":0},"sa":{"k":0},"hd":false}]},{"ty":"gr","hd":false,"it":[{"ty":"sh","ks":{"k":{"i":[[0,0],[0,0]],"o":[[0,0],[0,0]],"v":[[445.2,354.36],[590.98,354.36]],"c":false}}},{"ty":"st","lc":1,"lj":1,"ml":10,"o":{"k":100},"w":{"k":4},"c":{"k":[0,0,0,1]},"hd":false},{"ty":"tr","o":{"k":100},"r":{"k":0},"p":{"k":[0,0]},"a":{"k":[0,0]},"s":{"k":[75,75]},"sk":{"k":0},"sa":{"k":0},"hd":false}]},{"ty":"gr","hd":false,"it":[{"ty":"sh","ks":{"k":{"i":[[0,0],[0,0]],"o":[[0,0],[0,0]],"v":[[445.2,332.13],[590.98,332.13]],"c":false}}},{"ty":"st","lc":1,"lj":1,"ml":10,"o":{"k":100},"w":{"k":4},"c":{"k":[0,0,0,1]},"hd":false},{"ty":"tr","o":{"k":100},"r":{"k":0},"p":{"k":[0,0]},"a":{"k":[0,0]},"s":{"k":[75,75]},"sk":{"k":0},"sa":{"k":0},"hd":false}]},{"ty":"gr","hd":false,"it":[{"ty":"sh","ks":{"k":{"i":[[0,0],[0,0]],"o":[[0,0],[0,0]],"v":[[445.2,311.43],[590.98,310.59]],"c":false}}},{"ty":"st","lc":1,"lj":1,"ml":10,"o":{"k":100},"w":{"k":4},"c":{"k":[0,0,0,1]},"hd":false},{"ty":"tr","o":{"k":100},"r":{"k":0},"p":{"k":[0,0]},"a":{"k":[0,0]},"s":{"k":[75,75]},"sk":{"k":0},"sa":{"k":0},"hd":false}]},{"ty":"gr","hd":false,"it":[{"ty":"sh","ks":{"k":{"i":[[0,0],[-0.01,-0.01],[-0.64,-0.61]],"o":[[0,0],[0.58,0.66],[0,0]],"v":[[424.26,408.56],[424.27,408.57],[426.11,410.47]],"c":false}}},{"ty":"st","lc":1,"lj":1,"ml":10,"o":{"k":100},"w":{"k":4},"c":{"k":[0,0,0,1]},"hd":false},{"ty":"tr","o":{"k":100},"r":{"k":0},"p":{"k":[0,0]},"a":{"k":[0,0]},"s":{"k":[75,75]},"sk":{"k":0},"sa":{"k":0},"hd":false}]},{"ty":"gr","hd":false,"it":[{"ty":"sh","ks":{"k":{"i":[[0,0],[0,0],[-17.07,0],[0,0],[0,-18.07],[0,0],[14.49,-2.41],[0,0],[0,0],[0,0]],"o":[[0,0],[0,-18.07],[0,0],[17.06,0],[0,0],[0,16.59],[0,0],[0,0],[0,0],[0,0]],"v":[[415.89,362.02],[415.89,307.42],[446.79,274.7],[586.23,274.7],[617.13,307.42],[617.13,386.26],[590.98,420.61],[588.43,449.33],[562.78,421.19],[495.61,419.9]],"c":false}}},{"ty":"st","lc":1,"lj":1,"ml":10,"o":{"k":100},"w":{"k":4},"c":{"k":[0,0,0,1]},"hd":false},{"ty":"tr","o":{"k":100},"r":{"k":0},"p":{"k":[0,0]},"a":{"k":[0,0]},"s":{"k":[75,75]},"sk":{"k":0},"sa":{"k":0},"hd":false}]},{"ty":"gr","hd":false,"it":[{"ty":"sh","ks":{"k":{"i":[[0,0],[0.01,0],[0,0]],"o":[[0,0],[0,0],[0,0]],"v":[[454.03,419.11],[454.02,419.11],[451.03,419.05]],"c":false}}},{"ty":"st","lc":1,"lj":1,"ml":10,"o":{"k":100},"w":{"k":4},"c":{"k":[0,0,0,1]},"hd":false},{"ty":"tr","o":{"k":100},"r":{"k":0},"p":{"k":[0,0]},"a":{"k":[0,0]},"s":{"k":[75,75]},"sk":{"k":0},"sa":{"k":0},"hd":false}]},{"ty":"gr","hd":false,"it":[{"ty":"sh","ks":{"k":{"i":[[0,0],[0,0]],"o":[[0,0],[0,0]],"v":[[590.98,377.98],[489.76,377.98]],"c":false}}},{"ty":"st","lc":1,"lj":1,"ml":10,"o":{"k":100},"w":{"k":4},"c":{"k":[0,0,0,1]},"hd":false},{"ty":"tr","o":{"k":100},"r":{"k":0},"p":{"k":[0,0]},"a":{"k":[0,0]},"s":{"k":[75,75]},"sk":{"k":0},"sa":{"k":0},"hd":false}]},{"ty":"gr","hd":false,"it":[{"ty":"sh","ks":{"k":{"i":[[0,0],[0,0]],"o":[[0,0],[0,0]],"v":[[478.3,377.98],[478.29,377.98]],"c":false}}},{"ty":"st","lc":1,"lj":1,"ml":10,"o":{"k":100},"w":{"k":4},"c":{"k":[0,0,0,1]},"hd":false},{"ty":"tr","o":{"k":100},"r":{"k":0},"p":{"k":[0,0]},"a":{"k":[0,0]},"s":{"k":[75,75]},"sk":{"k":0},"sa":{"k":0},"hd":false}]},{"ty":"gr","hd":false,"it":[{"ty":"sh","ks":{"k":{"i":[[0,0],[0,0]],"o":[[0,0],[0,0]],"v":[[445.2,356.46],[590.98,354.78]],"c":false}}},{"ty":"st","lc":1,"lj":1,"ml":10,"o":{"k":100},"w":{"k":4},"c":{"k":[0,0,0,1]},"hd":false},{"ty":"tr","o":{"k":100},"r":{"k":0},"p":{"k":[0,0]},"a":{"k":[0,0]},"s":{"k":[75,75]},"sk":{"k":0},"sa":{"k":0},"hd":false}]},{"ty":"gr","hd":false,"it":[{"ty":"sh","ks":{"k":{"i":[[0,0],[0,0]],"o":[[0,0],[0,0]],"v":[[445.2,331.47],[590.98,331.47]],"c":false}}},{"ty":"st","lc":1,"lj":1,"ml":10,"o":{"k":100},"w":{"k":4},"c":{"k":[0,0,0,1]},"hd":false},{"ty":"tr","o":{"k":100},"r":{"k":0},"p":{"k":[0,0]},"a":{"k":[0,0]},"s":{"k":[75,75]},"sk":{"k":0},"sa":{"k":0},"hd":false}]},{"ty":"gr","hd":false,"it":[{"ty":"sh","ks":{"k":{"i":[[0,0],[0,0]],"o":[[0,0],[0,0]],"v":[[445.2,310.77],[590.98,309.93]],"c":false}}},{"ty":"st","lc":1,"lj":1,"ml":10,"o":{"k":100},"w":{"k":4},"c":{"k":[0,0,0,1]},"hd":false},{"ty":"tr","o":{"k":100},"r":{"k":0},"p":{"k":[0,0]},"a":{"k":[0,0]},"s":{"k":[75,75]},"sk":{"k":0},"sa":{"k":0},"hd":false}]},{"ty":"tr","o":{"k":100},"r":{"k":0},"p":{"k":[0,0]},"a":{"k":[0,0]},"s":{"k":[100,100]},"sk":{"k":0},"sa":{"k":0},"hd":false}]},{"ty":"tm","s":{"a":0,"k":0,"ix":1},"e":{"a":1,"k":[{"i":{"x":[0.27],"y":[1]},"o":{"x":[0.5],"y":[0]},"t":0,"s":[0]},{"t":66,"s":[100]}],"ix":2},"o":{"a":0,"k":0,"ix":3},"m":1,"ix":2,"hd":false}]}],"meta":{"g":"LF SVG to Lottie"}}